<?xml version="1.0" encoding="UTF-8"?>
  <SupportAssistPrebootDiagnosticLog>
    <Schema>1.0.0</Schema>
    <LogNumber>51</LogNumber>
    <LogTimeStamp>08/01/2020 06:14:45</LogTimeStamp>
    <ePSA_Data>
      <Result>Not Reported</Result>
      <ReturnCode>BOOT_HOST_OS</ReturnCode>
      <ePSAFullVersion>4306.12</ePSAFullVersion>
      <ePSAInvocationCount>2</ePSAInvocationCount>
    </ePSA_Data>
    <BIOS_Data>
      <ErrorCategory>BATTERY</ErrorCategory>
      <ErrorMessage><![CDATA[WARNING: Battery is critically low.
]]></ErrorMessage>
      <FRU_String><![CDATA[Unknown Battery]]></FRU_String>
      <SOS_Available>FALSE</SOS_Available>
      <TimeOutSeconds>0</TimeOutSeconds>
    </BIOS_Data>
  </SupportAssistPrebootDiagnosticLog>
